ID,TITLE,SUBCATEG,MAIN-CATEG
56464,`Selective callback incorrectly reports FAILED on looped items,CALLBACK,CALLBACK
31805,"`ERROR! Unexpected Exception, this is probably a bug: 'CallbackModule' object has no attribute 'set_options'",CALLBACK,CALLBACK
53689,`'slack' callback plugin error 404,CALLBACK,CALLBACK
30597,`Ansible 2.4 CallBackModule error?,CALLBACK,CALLBACK
11627,`devel bug - profile_tasks.py requires CALLBACK_ constants or the display param is not passed,CALLBACK,CALLBACK
37562,`foreman: authentication errors using callback plugin,CALLBACK,CALLBACK
20602,`stdout_callback: debug does not always wrap the newlines as expected,CALLBACK,CALLBACK
5584,`some logical expressions are evaluated incorrectly (edited),CONDITIONAL,CONDITIONAL
6108,`ansible-playbook with --check does not define register variables causing conditionals to error out,CONDITIONAL,CONDITIONAL
7786,`role parameter comparison error,CONDITIONAL,CONDITIONAL
10168,`role dependencies: condition issue,CONDITIONAL,CONDITIONAL
11892,`Doing a Registered Var and a conditional based on that registered var in the same task does not error out. ,CONDITIONAL,CONDITIONAL
17215,`Out of disk space condition gives error: 'temp_path' is not defined,CONDITIONAL,CONDITIONAL
25217,`When condition not evaluated correctly when using Jinja2 default filter,CONDITIONAL,CONDITIONAL
28733,`'when' condition swallowing error on 'is defined' check,CONDITIONAL,CONDITIONAL
31237,`Failing during ARM conditional check. deployment gets completed at azure end. But module showing below error,CONDITIONAL,CONDITIONAL
32861,`bug condition `is not defined` when unset/set variable to !!null ,CONDITIONAL,CONDITIONAL
33985,`Handling of when conditional with debug and items/with_items,CONDITIONAL,CONDITIONAL
36808,`python3 lookup csvfile error csvfile: argument 1 must be an iterator,CONDITIONAL,CONDITIONAL
42791,`Ansible service not starting stating the below error when provided condition,CONDITIONAL,CONDITIONAL
43318,`macports module uses incorrect check for determininig if a package is installed,CONDITIONAL,CONDITIONAL
45974,`Get error when using with_items and when condition,CONDITIONAL,CONDITIONAL
50897,"`Using conditional ""when: ..."" prevents error from ""include_role"" from stopping playbook",CONDITIONAL,CONDITIONAL
70981,`Potential logic issue in TaskExecutor with undefined loop and false conditional,CONDITIONAL,CONDITIONAL
20283,`win_regedit: Idempotency issue,IDEMPOTENCE,IDEMPOTENCE
21865,`having issues with ec2_elb_lb and idempotence,IDEMPOTENCE,IDEMPOTENCE
22459,`eos_banner: idempotent issues with unicode,IDEMPOTENCE,IDEMPOTENCE
24511,`vmware_guest_snapshot: Idempotency issue,IDEMPOTENCE,IDEMPOTENCE
27484,`(P2)nxos_igmp_interface: applying default values is not idempotent,IDEMPOTENCE,IDEMPOTENCE
27517,`nxos_portchannel/nxos_feature: idempotency issues,IDEMPOTENCE,IDEMPOTENCE
27676,`(P2) nxos_vtp_password is not idempotent while removing and throws errors,IDEMPOTENCE,IDEMPOTENCE
27926,`(P2) nxos_vxlan_vtep_vni errors out when trying to test remove idempotence,IDEMPOTENCE,IDEMPOTENCE
28758,`win_shortcut: idempotency issues,IDEMPOTENCE,IDEMPOTENCE
29429,"`lvol indempotency fails when float is provided for size argument (with ""g"" prefix)",IDEMPOTENCE,IDEMPOTENCE
30439,`nxos_igmp_snooping is not idempotent for non-default values on D1 image on N7K.,IDEMPOTENCE,IDEMPOTENCE
31602,"`Kubernetes Module throws errors on all 422 responses, affecting idempotency",IDEMPOTENCE,IDEMPOTENCE
34105,`vmware_guest dvs idempotency issue,IDEMPOTENCE,IDEMPOTENCE
35291,"`User module throws errors when user doesn't exist, is it idempotent?",IDEMPOTENCE,IDEMPOTENCE
35797,`nxos_l2_interface idempotence issue,IDEMPOTENCE,IDEMPOTENCE
36801,`nxos_config SVI (Interface VLAN) idempotency issues,IDEMPOTENCE,IDEMPOTENCE
37022,`nxos_config idempotency issue with FEX on Nexus 5K,IDEMPOTENCE,IDEMPOTENCE
38301,`ios_system idempotency issues with several domain commands,IDEMPOTENCE,IDEMPOTENCE
40064,`ios_config: ansible 2.5.2 idempotency issue/bug?,IDEMPOTENCE,IDEMPOTENCE
45330,`azure_rm_containerregistry idempotence bug,IDEMPOTENCE,IDEMPOTENCE
47352,`win_domain: Idempotency issue,IDEMPOTENCE,IDEMPOTENCE
49437,`tower_credentials idempotency issue,IDEMPOTENCE,IDEMPOTENCE
53887,`nxos_vlan: idempotency bug with `mode`,IDEMPOTENCE,IDEMPOTENCE
54652,`os_server is not idempotent if I use port-id= - Multiple matches found for default,IDEMPOTENCE,IDEMPOTENCE
59917,`[vmware] vmware_portgroup idempotecy issue,IDEMPOTENCE,IDEMPOTENCE
61844,`IOSXR L3 is having idempotent issue,IDEMPOTENCE,IDEMPOTENCE
3509,`Source file location issue with spaces in path on mac and using -c ssh and SFTP (default),INVENTORY,INVENTORY
3746,`ec2 module incorrectly returns changed=True when there is no change,INVENTORY,INVENTORY
4472,`Get error of set ec2 tags,INVENTORY,INVENTORY
4709,"`lookup error exception in /jinja2/environment.py"" for apt_key module since last weeks commits",INVENTORY,INVENTORY
4875,`Linode Inventory path issue,INVENTORY,INVENTORY
4961,`action service on FreeBSD: rc.conf parsing error,INVENTORY,INVENTORY
5150,`Copy module error when src is directory,INVENTORY,INVENTORY
5253,"`ec2_elb module: Bugfix: error in ec2_elb, initial_state not set before use",INVENTORY,INVENTORY
5305,`ec2_elb module: registering instance in EC2 ELB that has never been registered before errors (but succeeds),INVENTORY,INVENTORY
5341,`ansible-galaxy CLI: default roles path should be loaded from ansible.cfg if available,INVENTORY,INVENTORY
5958,"`""file"" module error on Oracle Enterprise Linux",INVENTORY,INVENTORY
6309,`Dropbear MOTD causing parse error,INVENTORY,INVENTORY
6327,`docker module ports option error,INVENTORY,INVENTORY
6385,"`""No such file or directory"" error when installing packages via the apt module",INVENTORY,INVENTORY
6430,`Getting errors during GATHERING FACTS,INVENTORY,INVENTORY
6750,"`""git"" module error: ""Failed to init/update submodules""",INVENTORY,INVENTORY
6987,"`Deploying EC2 Instance in VPC with Private IP set, get public ip and subnet throws an error",INVENTORY,INVENTORY
7120,`rhn_channel returns 'failed to parse' error,INVENTORY,INVENTORY
7310,`Ansible should respect default configuration unless overridden,INVENTORY,INVENTORY
7669,"`use setup module got an error , may caused by facts.py ",INVENTORY,INVENTORY
7719,`ec2_vol errors when attaching a volume from a snapshot,INVENTORY,INVENTORY
7845,"`bug report: GCE module ""RSA key format is not supported"" w/traceback",INVENTORY,INVENTORY
7905,`ec2_vpc without subnets results in traceback error,INVENTORY,INVENTORY
8056,"`Docker API error: client and server don't have same version (client : 1.12, server: 1.10)",INVENTORY,INVENTORY
8202,`Docker module issue with username and password,INVENTORY,INVENTORY
8296,`Parse error when using spaces in parameterized include,INVENTORY,INVENTORY
8357,`docker module parses image names incorrectly,INVENTORY,INVENTORY
8552,`ec2_vpc issues with boto 2.32.x,INVENTORY,INVENTORY
9426,``fatal error while evaluating conditional: yes` passing option from inventory file,INVENTORY,INVENTORY
9521,"`vagrant ansible issue "" ansible provisioner: * The following settings shouldn't exist: hosts""",INVENTORY,INVENTORY
9712,`Dynamic Inventory should have implicit localhost and/or Empty inventory files shouldn't be an error,INVENTORY,INVENTORY
9942,`Ansible setup reports incorrect disk sizes,INVENTORY,INVENTORY
9969,`Docker module now generates an error with Docker 1.3.2 and docker-py 0.7.0,INVENTORY,INVENTORY
10013,`Inventory script errors not checked or exposed,INVENTORY,INVENTORY
10121,`ec2.py/ecryptfs home directory generates too long filenames error,INVENTORY,INVENTORY
11151,"`inventory file variables, int vs str, failed with error",INVENTORY,INVENTORY
11368,`GATHERING FACTS error on openvz container,INVENTORY,INVENTORY
11505,`vmware inventory script has incorrect cache age checking,INVENTORY,INVENTORY
11955,`Another include pathing issue,INVENTORY,INVENTORY
12011,"`Blank/null hosts pattern defaults to ""all""",INVENTORY,INVENTORY
12403,`[bug] get_file_parser() takes exactly 2 arguments (2 given),INVENTORY,INVENTORY
12469,`environment variable evaluated as template --> fatal error,INVENTORY,INVENTORY
12715,`Accessing default variables for other hosts,INVENTORY,INVENTORY
12722,`[v2] error while trying to read .cache/facts// : [Errno 21] Is a directory: u'.cache/facts//',INVENTORY,INVENTORY
12883,`ec2_vpc ignores profile parameter and uses default AWS credentials from ~/.aws/credentials,INVENTORY,INVENTORY
13292,`--tags no longer exit with error about not found tags,INVENTORY,INVENTORY
13703,`[bug] Redis fact caching does not work on RHEL6,INVENTORY,INVENTORY
13862,`command/shell modules incorrectly parse arguments when a k=v is present,INVENTORY,INVENTORY
13876,"`[openssh/linux kernel > 3.12] Intermittent error ""failed to resolve remote temporary directory from"" [sleep 0]",INVENTORY,INVENTORY
14036,`2.0.0.2: with_fileglob used in a role resolves relative paths playbook directory?,INVENTORY,INVENTORY
14067,`Ansible 2 ignored host-vars from inventory file: variables priority was changed or it is a bug?,INVENTORY,INVENTORY
14137,`user module: ansible-pull issue with user home directory ownership,INVENTORY,INVENTORY
14456,`race condition with fact cache and smart fact gathering causes undefined variable errors.,INVENTORY,INVENTORY
14573,`Parsing error in Ansible 1.9.4 in debug module if string contains special sequences,INVENTORY,INVENTORY
14711,`ec2.py dynamic inventory issue with ElastiCache instances,INVENTORY,INVENTORY
14887,`Running ansible in jenkins cause incorrect facter information,INVENTORY,INVENTORY
14953,"`local_action requires ""localhost"" in inventory Or URI module throws httplib2 error.",INVENTORY,INVENTORY
15035,`ansible-playbook doesn't report error if the inventory file doesn't exist,INVENTORY,INVENTORY
15115,`meta:refresh_inventory does not resolve EC2 dynamic inventory properly.,INVENTORY,INVENTORY
15523,`'any_errors_fatal' Broken For Unreachable Hosts v2,INVENTORY,INVENTORY
15871,`Openstack inventory needs to list errored nodes that don't have an internal_ip,INVENTORY,INVENTORY
16095,`ec2.py has issues with large number of filters,INVENTORY,INVENTORY
16171,`aws elb - https listeners issue,INVENTORY,INVENTORY
16760,"`""ansible-galaxy info"" errors with ""AttributeError: Values instance has no attribute 'offline'""",INVENTORY,INVENTORY
16799,`ansible does not resolve the custom module folders in local library folder,INVENTORY,INVENTORY
17285,`Kerberos issue - Can't find client principal *** in cache collection,INVENTORY,INVENTORY
17344,`Openstack dynamic inventory error running task ServerList,INVENTORY,INVENTORY
17495,`docker-py version is checked incorrectly,INVENTORY,INVENTORY
17727,`error with azure dynamic inventory script -- azure_rm.py,INVENTORY,INVENTORY
17762,`Using an empty inventory group no longer noops and instead results in error.,INVENTORY,INVENTORY
18369,`INI lookup fails if default is specified,INVENTORY,INVENTORY
18418,`Memory error when copying large file,INVENTORY,INVENTORY
18751,`Using incorrect fact_caching gives weird error,INVENTORY,INVENTORY
19559,`ec2 Module issue in Ansible 2.2,INVENTORY,INVENTORY
19702,`Invalid Host error for host failed in previous play (dynamic inventory),INVENTORY,INVENTORY
19831,`efs_facts doesn't report permission errors and runs forever,INVENTORY,INVENTORY
19895,"`ec2_vpc doesn't wait for subnets to be created, errors out intermittently",INVENTORY,INVENTORY
20480,`docker_service may not provide useful errors when tasks fail,INVENTORY,INVENTORY
20496,`File name parsing issue while changing permission of a directory,INVENTORY,INVENTORY
20776,`docker_container has incorrect minimum docker-py version,INVENTORY,INVENTORY
20819,`Error on vmware_host : 'vim.fault.DuplicateName' object has no attribute 'thumbprint',INVENTORY,INVENTORY
20858,`Become returns timeout with sudo on over local connection if the host is unable to resolve hostname,INVENTORY,INVENTORY
21075,"`docker_container - cryptic error message (""Boolean always not in either boolean list"")",INVENTORY,INVENTORY
21296,`UFW changed check uses incorrect path,INVENTORY,INVENTORY
21765,`ec2_asg errors when using replace_all_instances with target groups,INVENTORY,INVENTORY
21860,`ec2.py --list fails with socket.gaierror: [Errno -2] Name or service not known,INVENTORY,INVENTORY
21893,"`Gathering facts, zero division error in get_cpu_facts",INVENTORY,INVENTORY
22261,`symlinks to bin/ansible with link name like 'ansible-3.6' cause errors,INVENTORY,INVENTORY
22661,"`ec2_eni_facts: ""There is an issue in the code of the module. You must specify either both, resource or client to the conn_type parameter in the boto3_conn function call""",INVENTORY,INVENTORY
22692,`Creating EC2 spot requests without waiting for instances to start results in a Python error,INVENTORY,INVENTORY
22766,`Ansible facts: ansible_cmdline return incorrect result for the rd.lvm.lv,INVENTORY,INVENTORY
22999,`docker_container homedir ('/~') issue running localhost,INVENTORY,INVENTORY
23316,`Unicode parsing issue with junos_config,INVENTORY,INVENTORY
23537,`Ansible ignores errors in inventory file,INVENTORY,INVENTORY
23595,`ec2_facts throws str error in Python 3.5+,INVENTORY,INVENTORY
23624,`set_fact bug. template parser works fine only with first element of array,INVENTORY,INVENTORY
23750,`vmware_guest_snapshot: better error message when using UUID and not finding VM,INVENTORY,INVENTORY
24356,`btrfs filesystem error,INVENTORY,INVENTORY
24430,`docker_container: arguments pass to command are split on comma incorrectly,INVENTORY,INVENTORY
24435,"`[vmware_guest]  creating VM from template causes error ""A specified parameter was not correct: spec.location.host"" when disk option is added",INVENTORY,INVENTORY
24453,`ValueError in sysctl module when parsing syntax error in sysctl.conf,INVENTORY,INVENTORY
24802,`ec2 rds postgres creation fails with error: Failed to create instance: null,INVENTORY,INVENTORY
25086,`vmware_inventory host_filter issue,INVENTORY,INVENTORY
25155,`wait_for : host parameter seems to be ignored when path issued.,INVENTORY,INVENTORY
25281,`Global Name 'vim' not defined error when called from Ansible,INVENTORY,INVENTORY
25353,`vmware_guest exits with error when rebooting vm,INVENTORY,INVENTORY
25428,`s3_module bug when specifying IAM principle in bucket policy,INVENTORY,INVENTORY
25431,`bug - copy module returns 'path' or 'dest' based on changed status - not consistent,INVENTORY,INVENTORY
25544,"`eos_facts fails with error `""AF_UNIX path too long""` when debug log is enabled",INVENTORY,INVENTORY
25776,`Ansible image normalize error ,INVENTORY,INVENTORY
25790,`ec2 module error,INVENTORY,INVENTORY
25875,`Dynamic inventory shows some internal host incorrectly,INVENTORY,INVENTORY
25938,"`ec2_group invalid rule parameter 'ports' when creating new group, errors out yet still creates empty resource on AWS",INVENTORY,INVENTORY
25974,`docker_container.py _compare_dicts incorrectly reports matches,INVENTORY,INVENTORY
25995,`s3_bucket error: Your previous request to create the named bucket succeeded and you already own it,INVENTORY,INVENTORY
25996,`s3_bucket: error with dots or uppercase letters in bucket name,INVENTORY,INVENTORY
26708,`docker_network module bug in icc option,INVENTORY,INVENTORY
27300,`ansible_pkg_mgr fact is incorrect after installation of `mkosi`,INVENTORY,INVENTORY
28053,`Ansible: LXC container is not running error ,INVENTORY,INVENTORY
28069,`Precedence issue when targeting many inventories in Anible 2.4,INVENTORY,INVENTORY
28392,`azure_rm_virtualmachine does not clean up after itself when it fails on an error in Azure,INVENTORY,INVENTORY
28489,"`gcp_healthcheck:  healthy_threshhold,unhealthy_threshhold thows error.",INVENTORY,INVENTORY
28751,`Scalability / performance issues with host_vars in large inventories,INVENTORY,INVENTORY
29142,`2.4.0 rc1 issues with gather_facts propagating,INVENTORY,INVENTORY
29300,`ec2_vpc_route_table error not clear when Name tag already in use,INVENTORY,INVENTORY
29336,`lxc_container: snapshot clone container creation incorrectly starts the origin container,INVENTORY,INVENTORY
29397,`s3_bucket error: Your previous request to create the named bucket succeeded and you already own it,INVENTORY,INVENTORY
29456,`EC2 instance_initiated_shutdown_behavior default should be more intelligent,INVENTORY,INVENTORY
29508,`EC2 Instance termination fails with SSH error,INVENTORY,INVENTORY
29626,`[2.1.2-RC5] Mount issue with nfs storage,INVENTORY,INVENTORY
29692,`ec2 aws module does not error when no image id is specified,INVENTORY,INVENTORY
29694,`ec2_metric_alarm period not in seconds and causes issues with aws api,INVENTORY,INVENTORY
29709,`azure_rm_virtualmachine: error when specifying parameter subnet_name,INVENTORY,INVENTORY
29868,`ec2_asg: Usage of replace_all_instances errors out if no instances exist yet,INVENTORY,INVENTORY
29911,`[2.0.0.2] Elasticache throws error when profile argument is specified,INVENTORY,INVENTORY
29917,`bug if s3 bucket name contains dots and uses fakes3 protocol,INVENTORY,INVENTORY
29936,`ec2_elb_lb health check ping_path bug,INVENTORY,INVENTORY
30023,`ec2_vpc ignores profile parameter and uses default AWS credentials from ~/.aws/credentials,INVENTORY,INVENTORY
30085,`ec2_lc fail to create when no default vpc in region,INVENTORY,INVENTORY
30202,"`ec2_group and multiple ""default"" groups",INVENTORY,INVENTORY
30368,"`ec2_vpc_subnet_facts fails with ""You must specify a region."" error",INVENTORY,INVENTORY
30529,`NXOS Facts error,INVENTORY,INVENTORY
30556,"`Copy module with option ""decrypt: no"" causes error when file already exists",INVENTORY,INVENTORY
30753,`ansible_service_mgr fact for sysvinit incorrect in ansible 2.4.0,INVENTORY,INVENTORY
30821,`[unarchive module] Unable to find file in expected paths error,INVENTORY,INVENTORY
30977,`Python3 YAML inventory parsing error,INVENTORY,INVENTORY
31053,`aws_s3_bucket_facts returning xml parsing issue,INVENTORY,INVENTORY
31148,`Redis facts cache error with --flush-cache,INVENTORY,INVENTORY
31260,`Ansible stable-2.4 uses fact cache for Inventory by default,INVENTORY,INVENTORY
31269,`ec2_lc - placement_tenancy default value prevents creation of launch configurations with a spot price,INVENTORY,INVENTORY
31575,`ios_config incorrectly claims success when commands fail,INVENTORY,INVENTORY
31656,`Parsing issue in inventory files,INVENTORY,INVENTORY
31878,"`ec2_vpc_subnet_facts does not support any profiles other than ""default""",INVENTORY,INVENTORY
31905,`ec2_vpc_subnet subnet creation fails due to az parameter validation error,INVENTORY,INVENTORY
32068,`ansible_service_mgr fact for sysvinit incorrect in ansible 2.4.0+ and devel,INVENTORY,INVENTORY
32111,`eos_eapi doesn't enable non-default vrfs if the default vrf is already configured,INVENTORY,INVENTORY
32166,`symlinked ansible path could not resolve if containing space,INVENTORY,INVENTORY
32170,"`ec2_asg 2.4 parameter bug in ""target_group_arns""",INVENTORY,INVENTORY
32229,`docker_container command doesn't fail if container exists with non-zero error code,INVENTORY,INVENTORY
32538,`Getting error when installing IIS server on Win Server 2016 ec2 instance on AWS.,INVENTORY,INVENTORY
33235,`how to change default path of ansible semaphore,INVENTORY,INVENTORY
33927,`botocore.errorfactory.TargetGroupNotFoundException executing ec2_asg_facts,INVENTORY,INVENTORY
34458,`ec2_vpc_vgw_facts module throws an error when listing VPN Gateway which has no tags.,INVENTORY,INVENTORY
34816,"`ec2_group module errors intermittently when ""group_name:"" parameter includes existing group",INVENTORY,INVENTORY
34927,"`contrib/inventory/gce.py fails with ""libcloud.common.google.ResourceNotFoundError"" error",INVENTORY,INVENTORY
34978,`EC2 user-data error when spot_price != null,INVENTORY,INVENTORY
35591,`errors  when I turn on/off Azure VMs made by managed image with azure_rm_virtualmachine module,INVENTORY,INVENTORY
36034,`ansible-playbook doesn't report error by missing of the inventory file,INVENTORY,INVENTORY
36115,"`elb_application_lb: ""There is an issue in the code of the module. You must specify either both, resource or client to the conn_type parameter in the boto3_conn function call""",INVENTORY,INVENTORY
36192,`ec2_asg_facts throws errors with AutoScalingReadOnly Policy,INVENTORY,INVENTORY
36270,`azure_rm_virtualmachine deserialization error,INVENTORY,INVENTORY
36635,`Docker volume incorrectly expects a list for labels - it should be a dict,INVENTORY,INVENTORY
36795,`nxos_facts issue,INVENTORY,INVENTORY
36848,`Double extended error message in AnsibleParserError (triple in 2.4),INVENTORY,INVENTORY
36989,`inventory error: Distribution not found,INVENTORY,INVENTORY
37267,`EC2 NoSuchVersion error when running elb_target_group or elb_application_lb modules,INVENTORY,INVENTORY
37506,`INTERPRETER_TYPE=INTERPRETER_PATH variable raising template error,INVENTORY,INVENTORY
38263,`vmware_guest vim.fault.NoPermission only 2.5.0a1 and above,INVENTORY,INVENTORY
38435,`inventory script does not really handle exec errors.,INVENTORY,INVENTORY
38909,`docker_container issue with ipv6 port bindings,INVENTORY,INVENTORY
39007,`Dynamic inventory errors in 2.5.1,INVENTORY,INVENTORY
39327,`run into out-of-memory issue when using win_command to call a batch file,INVENTORY,INVENTORY
39545,`ec2: templating error,INVENTORY,INVENTORY
39795,`docker_service error was reported as syntax problem,INVENTORY,INVENTORY
40082,`[ERROR:] issued with dynamic inventories before playbook starts,INVENTORY,INVENTORY
40186,`docker_image encoding error loading image using python 3 (binary open?),INVENTORY,INVENTORY
40258,`docker_container: published_ports uses 0.0.0.0 as default network; doesn't respect default ip from dockers daemon.json,INVENTORY,INVENTORY
40524,"`local_action require privilege escaltion, and gives an error: 'vault_localhost_sudo' is undefined"" while used in play on remote host",INVENTORY,INVENTORY
41061,`ansible_virtualization_role incorrectly set to host on DigitalOcean droplets,INVENTORY,INVENTORY
41457,`nxos_facts legacy subset (fan information) causes error,INVENTORY,INVENTORY
41516,`aws_s3 module: misleading `Max Retries Exceeded` error when `dest` path doesn't exist,INVENTORY,INVENTORY
41609,"`If facts.d script returns invalid JSON, fact fails silently and sets fact to error string",INVENTORY,INVENTORY
42459,`s3_bucket error - Module_six_moves_urllib_parse object is not callable.,INVENTORY,INVENTORY
42501,`s3_bucket error with Minio - GetBucketVersioning NotImplemented,INVENTORY,INVENTORY
42530,`hostname module error inside LXD containers:  Failed to activate service 'org.freedesktop.hostname1': timed out,INVENTORY,INVENTORY
42563,"`""bad symbolic permission for mode:"" error on directory creation",INVENTORY,INVENTORY
42897,`Docker modules error with Ansible 2.6 and later with TLS config,INVENTORY,INVENTORY
43015,` Python3 YAML inventory parsing error,INVENTORY,INVENTORY
43186,`azure_rm_virtualmachine vm_size error,INVENTORY,INVENTORY
43796,`BigIP_Facts error,INVENTORY,INVENTORY
44416,`azure_rm_virtualmachine reports the error with batches of ******** for each 0.,INVENTORY,INVENTORY
44959,`net_put upload issues for Cisco IOS image,INVENTORY,INVENTORY
45098,`!!binary YAML data causes a JSON decoding error in ansible-inventory ,INVENTORY,INVENTORY
45382,`possible unreliable aggregated inventory when parsing multiple inventories using inventory plugins and when any of them raise an error,INVENTORY,INVENTORY
45409,`vmware_guest module: Facing issues while resizing disk or restoring VM when using multiple scsi controller,INVENTORY,INVENTORY
45938,`Dry Run error for file touch,INVENTORY,INVENTORY
45992,`ec2.py throws error: ImportError: No module named ansible.module_utils,INVENTORY,INVENTORY
46074,`gcp_compute_instance.py  replaces the network configs to default ,INVENTORY,INVENTORY
47371,`SBC reboot time incorrectly parsed when TZ is set,INVENTORY,INVENTORY
47595,"`ec2_ami_copy: When using tag_equality with wait, error occurs",INVENTORY,INVENTORY
47597,`ec2_vol incorrect failure,INVENTORY,INVENTORY
47750,"`F5 bigip_device_facts ""unknown profile context error""",INVENTORY,INVENTORY
47836,`inventory report error with template module,INVENTORY,INVENTORY
48069,"`""stderr"" callback plugin does not put unreachable error into stderr",INVENTORY,INVENTORY
48077,`KeyError: 'retentionInDays'  bug in cloudwatchlogs_log_group,INVENTORY,INVENTORY
48152,`ansible giving error No space left on device,INVENTORY,INVENTORY
48725,`azure_rm_virtualmachine_facts fatal error when no VM in resourceGroup or state not running,INVENTORY,INVENTORY
49199,"`docker_swarm_service fails because of default ""user: root""",INVENTORY,INVENTORY
49641,"`docker_login module tls_hostname bug, conflict with delegate_to localhost",INVENTORY,INVENTORY
49713,`redfish_facts results an Unknown error,INVENTORY,INVENTORY
50100,"`ansible-inventory gives extra error text from openstack plugin, making it non-parsable",INVENTORY,INVENTORY
50252,`gcp_container_cluster module error with location field,INVENTORY,INVENTORY
50414,`docker_container does not retry on error 500 from image source,INVENTORY,INVENTORY
50467,`docker_swarm_service crashes due to bad default,INVENTORY,INVENTORY
50587,`edgeos_facts; using debug to print config facts fails,INVENTORY,INVENTORY
50605,`vmware_guest fails provisioning with folder permission issue on NSX-T in VMC.,INVENTORY,INVENTORY
50654,`docker_swarm_service incorrectly detects services running if names have a common prefix,INVENTORY,INVENTORY
50842,`meta clear_host_errors not clearing host errors within rescue section,INVENTORY,INVENTORY
50932,`na_ontap_gather_facts with cDot 9.1 error,INVENTORY,INVENTORY
50953,`Fetch  use slurp when using a inventory directory and caused OSS memory error,INVENTORY,INVENTORY
50967,`unable to resolve inventory_hostname via azure dynamic inventory on windows deployment execution,INVENTORY,INVENTORY
51225,`Docker default bridge is assigned to container when I'm not asking for,INVENTORY,INVENTORY
51447,`gcp_container_node_pool module error with location field,INVENTORY,INVENTORY
51504,`ansible_processor_vcpus fact incorrect for containers,INVENTORY,INVENTORY
51727,"`Jinja 2.10, set and include ansible.vars.hostvars.HostVarsVars error",INVENTORY,INVENTORY
51908,`Ansible error while working with azure_rm,INVENTORY,INVENTORY
52016,`elb_application_lb bug when access_logs_s3_prefix not provided,INVENTORY,INVENTORY
52333,`ec2_vpc_peer.py has unhelpful error message,INVENTORY,INVENTORY
52640,`scp: fail on newer OpenSSH builds -  protocol error: filename does not match request,INVENTORY,INVENTORY
52864,`Facts incorrectly report CPU count on ARM,INVENTORY,INVENTORY
53223,`docker_swarm_service: bad default values?,INVENTORY,INVENTORY
53708,`luks_device error: Error while creating LUKS on /dev/sda3: Failed to open key file.\n,INVENTORY,INVENTORY
53787,`gcpubsub module gives error: 'module' object has no attribute 'Client',INVENTORY,INVENTORY
53941,`docker_swarm_service: resolve_image does not work with private registries,INVENTORY,INVENTORY
54422,`gcp_iam_service_account_module issues error 409 Already Exists if an account does exist,INVENTORY,INVENTORY
55759,`azure_rm_virtualnetworkpeering bug when using remote resource id,INVENTORY,INVENTORY
56338,`docker_container plugin throws import error,INVENTORY,INVENTORY
56609,`ANSIBLE_ROLES_PATH does not execute tasks outside of default role locations,INVENTORY,INVENTORY
56844,`Bug in gluster_volume module leads to error,INVENTORY,INVENTORY
57247,`ec2_group - error when trying to update a security group with an ELB rule,INVENTORY,INVENTORY
57265,`gcp_container_cluster module gives error: KeyError: 'zone',INVENTORY,INVENTORY
57642,`VMware: vmware_vm_inventory errors when there are orphaned VMs present in vCenter inventory,INVENTORY,INVENTORY
58240,`set_fact and run_once incorrectly setting facts,INVENTORY,INVENTORY
59147,`GCP Inventory plugin error when service_account_email is not set.,INVENTORY,INVENTORY
59190,`vmware_guest - Setting mem_reservation to 0 results in an error in 2.8.2,INVENTORY,INVENTORY
59404,"`IOS Terminal: ""ERROR"" in an IOS log message causes terminal to incorrectly parse a stderr in response to a command.",INVENTORY,INVENTORY
60043,"`""Database name has not been passed, used default database to connect to.""",INVENTORY,INVENTORY
60577,`gcp_compute_instance_facts google-auth error despite other gcp_ modules working,INVENTORY,INVENTORY
60592,"`eos_facts fails with error ""LocalEapi instance has no attribute 'get_capabilities'""",INVENTORY,INVENTORY
61028,`gcp_container_cluster error with private_cluster_config,INVENTORY,INVENTORY
61519,`Archive: Cyrilic symbols in filenames are incorrect  inside archive,INVENTORY,INVENTORY
61634,`gcp_compute_image for currently used disk causes error,INVENTORY,INVENTORY
61687,"`s3_bucket, aws:kms encryption does not default to default s3 key",INVENTORY,INVENTORY
61703,`ec2_group module error AWS was not able to validate the provided access credentials,INVENTORY,INVENTORY
61984,`azure_rm_managed_disk is causing I/O blocks issues,INVENTORY,INVENTORY
62331,`ec2_eip throws error if you ensure: absent on a non-existent IP,INVENTORY,INVENTORY
62364,`os_port_facts module cannot take fixed_ips.ip_address as filters,INVENTORY,INVENTORY
62532,`gcp_container_node_pool module error with location field,INVENTORY,INVENTORY
63120,"`docker_container: Error connecting: Error while fetching server API version: ('Connection aborted.', error(13, 'Permission denied'))""",INVENTORY,INVENTORY
63234,`gcp_storage_bucket_access_control module bucket parameter bug,INVENTORY,INVENTORY
63658,`Gather facts incorrect python interpreter (delegate_facts),INVENTORY,INVENTORY
63798,`lxd_container: Setting LXD config property throws error on repeated runs,INVENTORY,INVENTORY
64387,`docker_compose module crashes with error about a non empty directory,INVENTORY,INVENTORY
66602,`v2.9.3 errors trying to add an xml fragment on windows,INVENTORY,INVENTORY
66708,`ec2.py dynamic inventory does not honor boto profile configure in ec2.ini but use default boto profile for RDS instances,INVENTORY,INVENTORY
66874,``access_token` parsing issue with Linode inventory plugin,INVENTORY,INVENTORY
67275,`ec2_win_password python3 unicode issue with key_data argument,INVENTORY,INVENTORY
67404,"`Values in YAML files beginning with ""#"" incorrectly parsed as ""None""",INVENTORY,INVENTORY
68217,`ec2_group has several issues when referencing groups from other VPCs,INVENTORY,INVENTORY
68245,`gcp_container_cluster module throws error when username and password is not specified,INVENTORY,INVENTORY
68292,`EC2_AMI bug report,INVENTORY,INVENTORY
68379,`docker_image: credential error when pulling an image,INVENTORY,INVENTORY
68425,"`""error in 'jsonfile' cache plugin while trying to create cache dir"" when trying to run a playbook",INVENTORY,INVENTORY
68509,` Module authorized_key fails when the user doesn't exist on the system and the path isn't the default,INVENTORY,INVENTORY
68730,`docker_compose module throwing error,INVENTORY,INVENTORY
68790,`ec2_elb_lb -  The error was: AttributeError: 'int' object has no attribute 'upper',INVENTORY,INVENTORY
68792,`l3_interfaces of junos_facts gather_network_resources returns error,INVENTORY,INVENTORY
68930,`Inventory files parsed incorrectly,INVENTORY,INVENTORY
69465,`jsonfile cache plugin prefix option does not work,INVENTORY,INVENTORY
69569,`vmware_host_facts: A general system error occurred,INVENTORY,INVENTORY
69873,`EC2_Transit_Gateway issues with specific regions,INVENTORY,INVENTORY
70512,`ansible_user_* facts inconsistent with defaults across sudo/su become_method,INVENTORY,INVENTORY
71143,`failed to find folder issue for vmware_content_deploy_template ansible module,INVENTORY,INVENTORY
71415,"`hostname mismatch incorrectly reported as ""timeout waiting for privilege escalation prompt""",INVENTORY,INVENTORY
71506,`[ansible-galaxy] uses incorrect mode when installing role,INVENTORY,INVENTORY
72001,`KubeVirt VMs have incorrect ansible_virtualization_role,INVENTORY,INVENTORY
72518,"`""[Errno 2] No such file or directory"" for existing custom fact containing incorrect character leading to bad interpreter error",INVENTORY,INVENTORY
72619,`Ansible inventory plugin fails with warnings and errors,INVENTORY,INVENTORY
73179,`[Not sure if bug] Host is disk full results in Unreachable status,INVENTORY,INVENTORY
73683,`Ansible ignores configuration value(s) and forcefully create folders on incorrect paths. ,INVENTORY,INVENTORY
73720,`Ansible can't find pip due to incorrect PATH,INVENTORY,INVENTORY
74044,`stderr from inventory scripts are always displayed as errors,INVENTORY,INVENTORY
74072,"`Gathering Facts fails with ""failed to transfer file"" error",INVENTORY,INVENTORY
74264,`ansible-vault create without file name returns unexpected error instead of too few arguments,INVENTORY,INVENTORY
74404,"`ansible-inventory --list --toml fails with: Unexpected Exception, this is probably a bug: '7.2'",INVENTORY,INVENTORY
75262,`apt module breaks with strange cache error using python3,INVENTORY,INVENTORY
75606,`known_hosts: fails when ~/.ssh missing and path=default,INVENTORY,INVENTORY
75667,`ansible.builtin.file (lookup): bug/unexpected behaviour when reading playbook via process substitution,INVENTORY,INVENTORY
75817,`--syntax-check cant find fault in following code,INVENTORY,INVENTORY
76447,`Multiple Inventory files result in incorrect resolution of variables,INVENTORY,INVENTORY
76622,`openstack_inventory.py errors,INVENTORY,INVENTORY
78284,`gcp inventory: kind_auth: machineaccount returns a 404 error,INVENTORY,INVENTORY
78576,`Looping over an empty list throws an 'undefined variable' error (set_fact + loop),INVENTORY,INVENTORY
78772,"`ERROR! Unexpected Exception, this is probably a bug: [Errno 9] Bad file descriptor",INVENTORY,INVENTORY
79523,`apt module breaks with strange cache error using python3,INVENTORY,INVENTORY
18469,`Multiprocess issues when running Ansible programically on AWS Lambda,LAMBDA,LAMBDA
3304,`cron module bugs,PROVISION,PROVISION
4129,`Empty main.yml in role defaults directory causes ansible to crash,PROVISION,PROVISION
6979,`1.5.4 :: Precedence issue for variables in arrays and group_vars/all,PROVISION,PROVISION
7204,`playbook hangs when --ask-sudo-pass not supplied and is required (vs error msg raised) [edited description],PROVISION,PROVISION
7435,`role and task take sudo_user as option but doesn't actually work/throw an error for invalid syntax.,PROVISION,PROVISION
7498,`Too many calls to process_common_errors in utils/__init__.py,PROVISION,PROVISION
7637,"`Module homebrew_cask error: ""msg: Error: Unknown command: cask""",PROVISION,PROVISION
8233,`Recent bugfix prevents me from using Jinja2 if/else/endif syntax in a task,PROVISION,PROVISION
8277,`cron module failure has traceback versus error message (edited),PROVISION,PROVISION
8427,`Strangely errror running playbooks (edit: error parsing arguments off playbook file),PROVISION,PROVISION
8438,`Role without a main tasks file causes an error.,PROVISION,PROVISION
8779,`apt_repository performance issue,PROVISION,PROVISION
9056,`Service module incorrectly assumes service is restarted successfully,PROVISION,PROVISION
9235,` error when trying to use with_items with apt module,PROVISION,PROVISION
9571,"`""--start-at-task"" option causes error when specify utf-8 name task",PROVISION,PROVISION
9649,"`[bug][regression] variables read by debug, not used in other modules",PROVISION,PROVISION
9888,``groups['groupname']|length` in group_vars evaluates incorrectly in some contexts,PROVISION,PROVISION
10051,`delegate_to not resolved in module,PROVISION,PROVISION
10910,`stable-1.9 branch's ec2.py has an unbound error variable,PROVISION,PROVISION
11466,"`stat, command etc module error when using ""name"" in tasks",PROVISION,PROVISION
11850,`Shell module not always return correct error code,PROVISION,PROVISION
11934,`Ansible doesn't give an error when using a non existent group in a playbook,PROVISION,PROVISION
12254,`async_status + until + with_items issue,PROVISION,PROVISION
12551,"`Ansible2: ""Ambiguous output redirect."" error during TASK [setup]",PROVISION,PROVISION
12629,`Ansible worker with full file system returns uninformative error to commands,PROVISION,PROVISION
12649,`Certain variables are passed incorrectly to included tasks,PROVISION,PROVISION
12819,`[v2] delegate_to shows incorrect delegated host,PROVISION,PROVISION
13205,`Async error with check_mode,PROVISION,PROVISION
13365,`delegate_to getting ssh errors,PROVISION,PROVISION
13459,`fatal error caused by shell type,PROVISION,PROVISION
13854,`2.0 - fatal error on file task creating directory,PROVISION,PROVISION
13873,`Ansible 2.0 hostgroup vars issues,PROVISION,PROVISION
13956,`Performance issues with over 9000 groups,PROVISION,PROVISION
14100,`any_errors_fatal doesn't work when using roles,PROVISION,PROVISION
14382,`Task gives error status for some command output.,PROVISION,PROVISION
14383,"`Ansible 2.x  errors on the task with the `with_items` loop with `when: some_var is defined` condition when it is used in a role, but not in a play",PROVISION,PROVISION
14424,`any_errors_fatal doesn't work when using includes in roles,PROVISION,PROVISION
14465,`Failed to resolve remote temporary directory on groups,PROVISION,PROVISION
14741,"`delegate_to and (haproxy) module, incorrect results",PROVISION,PROVISION
14877,`task not considered changed with changed_when set to rc != 0 and ignore_errors: true,PROVISION,PROVISION
14958,`ansible_host is incorrect when using delegate_to,PROVISION,PROVISION
15922,`'removes' option for command module triggers error,PROVISION,PROVISION
15926,`bug: included nested block with conditions results in unexpeced tasks execution,PROVISION,PROVISION
16003,"`ansible 2.1.0, s3 module bug",PROVISION,PROVISION
16077,`Async task fails on 2.1 with WinRMTransportError even when ignore_errors is set to true,PROVISION,PROVISION
16778,`ERROR! 'debug' is not a valid attribute for a Play,PROVISION,PROVISION
16898,`playbook incorrectly targets localhost for all plays after calls to local_action and add_host,PROVISION,PROVISION
16937,`Blocks: rescue or always not run when error comes from a run_once task,PROVISION,PROVISION
17144,"`the nested include task fails with ` ""'item' is undefined""` error",PROVISION,PROVISION
17466,`Asynchronous tasks are executed with incorrect working directory,PROVISION,PROVISION
17662,`including a play will cause load error for the role behind it,PROVISION,PROVISION
17906,`Infinite loop when trying to override an undefined variable with a default,PROVISION,PROVISION
18110,`Async error with check_mode,PROVISION,PROVISION
18602,`Rescue and Always tasks are not executed if playbook has any_errors_fatal: true,PROVISION,PROVISION
18846,`Modules shell and command only output MODULE FAILURE on error,PROVISION,PROVISION
19672,`Ansible:Synchronize module throwing UNREACHABLE! error,PROVISION,PROVISION
19673,`meta: clear_host_errors not working on tasks,PROVISION,PROVISION
22571,`tasks_from variable is not resolved in include_role,PROVISION,PROVISION
22731,`Ansible 2.0.2 sts_asume_role error - Region does not seem to be available for aws module boto.sts,PROVISION,PROVISION
23169,`Stats of json stdout is incorrect when using skip tags  ,PROVISION,PROVISION
23643,`AnsibleUndefinedVariable error when trying to access variables from included template files,PROVISION,PROVISION
25775,`Ansible os_image upload timeout bug,PROVISION,PROVISION
26486,`Module: virt_net is not idempotent (throws error when changed=False),PROVISION,PROVISION
28479,`ios_command returns faulty output when first task in playbook,PROVISION,PROVISION
29679,`Update IAM username in AWS succeed however playbook returns with an error,PROVISION,PROVISION
29932,`Ansible docker: error pulling images,PROVISION,PROVISION
29963,"`user module produces error ""module is missing interpreter line"" for missing usermodule file",PROVISION,PROVISION
32255,`max_fail_percentage incorrectly aborts playbook execution,PROVISION,PROVISION
32906,`Playbook hosts incorrectly skipped when using --limit flag,PROVISION,PROVISION
33693,`Variable undefined error when import_role is used within a child play,PROVISION,PROVISION
34259,`delegated task uses an incorrect 'ansible_become_pass',PROVISION,PROVISION
35672,`Ansible returns error in Yum module with state=absent and package is not installed,PROVISION,PROVISION
35895,`ERROR! A worker was found in a dead state Segmentation fault (core dumped),PROVISION,PROVISION
35896,"`ERROR! Unexpected Exception, this is probably a bug: [Errno 12] Cannot allocate memory",PROVISION,PROVISION
36772,`ansible tasks continue to run when both any_errors_fatal and force_handlers are set to True and a task in handler has failed,PROVISION,PROVISION
36939,`Creating RoleBindings in Openshift returns a response that generates an error,PROVISION,PROVISION
37913,"`win_copy works only when ""dest"" is a root dir (e.g. c:\). Otherwise I get error: Test-Path : Cannot bind argument to parameter 'Path' because it is an empty string",PROVISION,PROVISION
38037,`2.5: bug with include_tasks inside of import_tasks,PROVISION,PROVISION
38315,`bug about tags function of ansible python api ,PROVISION,PROVISION
38749,`an error should be raised if include_role is used in conjunction with delegate_to,PROVISION,PROVISION
38763,`ansible role scope issue,PROVISION,PROVISION
40149,`Error deleting remote temporary files: rc 127 (Floating error in CentOS),PROVISION,PROVISION
40163,`Role default variables are not available in static task imports inside a role,PROVISION,PROVISION
40187,"`Task does not fail after the configuration error, using the EAPI connection in eos_config",PROVISION,PROVISION
41129,`npm module suddenly changed default behavior,PROVISION,PROVISION
41742,`azure_rm_sqldatabase has started failing with deserialization error,PROVISION,PROVISION
42546,`pip segfaults when --ignore-installed is passed as an extra_args,PROVISION,PROVISION
43555,`gce_pd returns an error dealing with a disk created from a snapshot,PROVISION,PROVISION
46205,`Task need to be skipped by default by passing extra vars,PROVISION,PROVISION
46631,`Found ansible errors for undercloud deployment,PROVISION,PROVISION
47104,"`file ""follow"" default changed despite stableinterface",PROVISION,PROVISION
48314,`The error was: 'ansible_env' is undefined,PROVISION,PROVISION
48553,`'win_service' error,PROVISION,PROVISION
49942,`Ansible_failed_task is referencing (out of scope) default variables from included role,PROVISION,PROVISION
50154,``subelements` filter bug in conjunction with `include_tasks` and `delegate_to`,PROVISION,PROVISION
54915,`Empty default vars file breaks ansible run,PROVISION,PROVISION
54932,`azure_rm_rediscache needs to block by default on provisioning ops,PROVISION,PROVISION
55271,`web application - playbook error,PROVISION,PROVISION
55612,`2.8: import of an empty play causes the entire playbook to error out as empty,PROVISION,PROVISION
56555,`failed to resolve remote temporary directory from ansible-tmp...,PROVISION,PROVISION
59306,`Unwanted errors when running multiple async tasks locally,PROVISION,PROVISION
59308,`'become: yes' throws an unexpected error on Windows,PROVISION,PROVISION
59609,`Ubuntu 18.04: aws_secret lookup plugin doesn't work with default botocore version in 2.8.3 when installed from PPA,PROVISION,PROVISION
59634,`Run playbook got error,PROVISION,PROVISION
60677,`Async install of vmware tool gives strange stdout error,PROVISION,PROVISION
61615,"`""maximum recursion depth exceeded in __instancecheck__"" error in fortios httpapi with the latest devel / stable-2.9 branches",PROVISION,PROVISION
61666,`~/.netrc and HTTP Error 401 issue with github and ansible-galaxy,PROVISION,PROVISION
62447,`azure_rm_sqlserver fails with 'too many 502 error responses',PROVISION,PROVISION
64066,`invalid_task_attribute_failed syntax error but exit code 0,PROVISION,PROVISION
65482,`Ansible script failed to run  ios_config module. show version syntax error: element does not exist,PROVISION,PROVISION
65836,`show_per_host_start Issue: variables in task name not resolved,PROVISION,PROVISION
66285,"`ERROR! Unexpected Exception, this is probably a bug: [Errno 12] Cannot allocate memory",PROVISION,PROVISION
66651,`asynchronous multiple tasks result in error for last task: unable to connect to socket,PROVISION,PROVISION
66722,`async_status fails in collection role powershell issue,PROVISION,PROVISION
67423,"`Incomplete fix for #64034, numerical options don't work anmyore",PROVISION,PROVISION
68454,`ansible task gets failed for some hosts devices errors='surrogate_then_replace' module ios_command,PROVISION,PROVISION
68589,`Ansible module 'setup' throws an exception error when used to gather custom facts for Windows targets.,PROVISION,PROVISION
68710,`ansible_failed_task undefined in the rescue section if an error is thrown from a loop task,PROVISION,PROVISION
69234,`Ansible pulp_repo module error during repo add using add_export_distributor: yes,PROVISION,PROVISION
70586,"`ERROR! Unexpected Exception, this is probably a bug: No module named 'msrest'",PROVISION,PROVISION
70774,`error while installing packages in ec2 RHEL instance using yum module,PROVISION,PROVISION
72153,`Variable scope does not resolve correctly with [import|include]_tasks,PROVISION,PROVISION
72611,"`Fatal ""Unhandled error in Python..."" with shell module and delegate_to",PROVISION,PROVISION
73158,`absent packages with wildcards will exit with error,PROVISION,PROVISION
73349,`Memory issue with include_tasks in ansible version 2.10.3,PROVISION,PROVISION
73657,`Block with rescue stops next plays and end playbook successfully on some errors,PROVISION,PROVISION
73835,`ansible_private_role_vars=true make included roles to use default values of parent role.,PROVISION,PROVISION
73959,``uri` module fails with import error,PROVISION,PROVISION
73978,`Variables set in defaults folder are not returned in the good format in a task when using python3 (works with python2),PROVISION,PROVISION
73996,"`ERROR! Unexpected Exception, this is probably a bug: maximum recursion depth exceeded",PROVISION,PROVISION
74303,`ansible_failed_task is undefined in the rescue section if an error is thrown from a loop task,PROVISION,PROVISION
75070,`Getting 'argument_error' when using interpolation in the playbook,PROVISION,PROVISION
75169,`Task give me the output of error status in ssh -V command,PROVISION,PROVISION
75400,`command not found error after defining playbook with become = true and become_method = pbrun ,PROVISION,PROVISION
75749,`Variable parsing in a task name fails with syntax error when a task name starts with a variable,PROVISION,PROVISION
76049,`A successful task redo from Ansible debugger does not reactivate previously active hosts if `any_errors_fatal=yes` and `run_once=yes`,PROVISION,PROVISION
76244,`delegate_to issue with changing target,PROVISION,PROVISION
78194,`ansible_parent_role_paths is partially/incorrectly populated,PROVISION,PROVISION
78694,`command module is not returning error. Instead going on indefinite wait,PROVISION,PROVISION
78939,`ansible-playbook: error: the following arguments are required: playbook,PROVISION,PROVISION
79874,"`""is defined"" reporting false for variable that is defined but has an error in nested variables",PROVISION,PROVISION
4290,`MySQL module fails to add privileges to user; throws errors.,SECURITY,SECURITY
4599,`authorized_keys bug traceback,SECURITY,SECURITY
5358,`Supplying an incorrect sudo password to ansible-playbook causes long timeout,SECURITY,SECURITY
5445,`Segmentation fault when running `apt update-cache=yes` on OSX with 1.4.3,SECURITY,SECURITY
5788,`get_url module doesn't work with password protected FTP sites [bug],SECURITY,SECURITY
6792,`SSL certificate verification error with datadog_event service,SECURITY,SECURITY
6948,`'Permission denied' error when copying with sudo,SECURITY,SECURITY
7074,`authorized_key module not reporting error when path to key is invalid,SECURITY,SECURITY
7165,"`When --ask-sudo-pass is not provided on CentOS and it's required, there is no error message that it is asking for a password.",SECURITY,SECURITY
7322,`apt_repository module error and usage of proxies when behind a firewall,SECURITY,SECURITY
8337,`Sudo password error when including role,SECURITY,SECURITY
8752,`ansible-vault decrypt is broken (fix included),SECURITY,SECURITY
9513,`Group managment bug in FreeBSD,SECURITY,SECURITY
9963,"`Bug Report: Ansible-vault errors with ""Odd-length string""",SECURITY,SECURITY
10091,`apt_key module - issue with url cert,SECURITY,SECURITY
10352,`AWS Security Group management error when adding entries by group name,SECURITY,SECURITY
10599,`[bug:fireball] cannot execute any modules: authentication or permission failure,SECURITY,SECURITY
10784,`Lookup module occansionally fails with `cannot create the path for the password lookup: <directory> (error was [Errno 17] File exists: '<directory>')`,SECURITY,SECURITY
10803,`Got error 8 when ask_pass = true,SECURITY,SECURITY
11911,`Colon in password causes strange issues with SSH port variable.,SECURITY,SECURITY
12013,`uri: ansible incorrectly reports all SSLHandshakeError as certificate errors,SECURITY,SECURITY
12549,`Certificate errors from proxies with certain versions of Python,SECURITY,SECURITY
13024,`Certificate errors when using a proxy,SECURITY,SECURITY
13634,`group_by creates incorrect groups,SECURITY,SECURITY
14522,`Softlink issue with ansible-vault,SECURITY,SECURITY
14710,`Still seeing issues like: ssl: 500 WinRMTransport. [SSL: CERTIFICATE_VERIFY_FAILED] certificate verify failed (_ssl.c:590),SECURITY,SECURITY
15669,`WinRMTransport Kerberos authentication error but logged as success in windows logs,SECURITY,SECURITY
15737,`win_acl: setting user permissions issue,SECURITY,SECURITY
15854,`Rackspace inventory fails with SSL error on Centos7,SECURITY,SECURITY
16111,`error feedback improvements due to improper file permissions on ec2.ini and ec2.py,SECURITY,SECURITY
17075,`gce module errors on file not found when using OAuth client authentication,SECURITY,SECURITY
18082,"`WinRM: Certification error when using ""delegate_to"" in playbook",SECURITY,SECURITY
19124,`os_security_group_rule is unable to add a rule in default security group,SECURITY,SECURITY
19670,`azure_rm_storageaccount module throws AuthorizationFailed error,SECURITY,SECURITY
19721,`get_url with checksum and !force won't fix file permissions,SECURITY,SECURITY
20506,`gce_net error on firewall rule update: Unexpected response: ('ports'),SECURITY,SECURITY
22119,`hashi_vault returns Fatal error when the secret does not exist,SECURITY,SECURITY
22141,"`""msg"": ""This command cannot be run due to the error: Access is denied.""",SECURITY,SECURITY
22254,`Unarchive modules always reports 'changed' with non-default permissions on items in zip files.  (breaks idempotence),SECURITY,SECURITY
23518,`azure_rm_securitygroup_facts: Random TLS/SSL CERTIFICATE_VERIFY_FAILED errors on calls to azure api via a proxy,SECURITY,SECURITY
23816,`Handling bug in libgcrypt that affects passwordstore plugin,SECURITY,SECURITY
25380,`rabbitmq_user invokes rabbitmqctl with an empty node and segfaults,SECURITY,SECURITY
25960,`Segmentation fault in mysql_user when .my.cnf is present,SECURITY,SECURITY
28148,`letsencrypt v2.4 http-01 certificate validation false positive error - No 'Not after' date found,SECURITY,SECURITY
28233,`nxos nxapi default port setting should be 443 when use_ssl is set,SECURITY,SECURITY
28388,`eos_user module does not give error when nopassword is not given and does not create new user,SECURITY,SECURITY
28910,"`error password, but ok results",SECURITY,SECURITY
29975,`IAM module: Credentials error message is unhelpful,SECURITY,SECURITY
30413,`lineinfile: concurrence issue with multiple delegation on same delegated host and same file,SECURITY,SECURITY
31145,`apt module permissions bug when running with packer,SECURITY,SECURITY
31431,`Ansible VaultLib.encrypt error,SECURITY,SECURITY
31705,`Vault variable in lists error,SECURITY,SECURITY
31741,`error in cryptography setup command: Invalid environment marker: python_version < '3',SECURITY,SECURITY
31828,`AWS delete Security Group via ec2_group fails with boto3 error,SECURITY,SECURITY
32474,`Ansible RHEL7 repository packages signed with incorrect key,SECURITY,SECURITY
32929,`Lets Encrypt default value is no longer correct for sub agreement,SECURITY,SECURITY
33096,`Unable to delete default created security group rules in OpenStack,SECURITY,SECURITY
33209,`Ansible change password not working -- password error after changing,SECURITY,SECURITY
33312,"`Request failed: <urlopen error [SSL: SSLV3_ALERT_HANDSHAKE_FAILURE] sslv3 alert handshake failure (_ssl.c:590)>""",SECURITY,SECURITY
34122,`azure_rm_storageaccount error <SkuName.standard_lrs: 'Standard_LRS'> is not valid value for enum <enum 'SkuName'>,SECURITY,SECURITY
34392,"`win_firewall_rule module defaults prevents use of ""leave existing""",SECURITY,SECURITY
34411,`win_firewall not working and throwing error,SECURITY,SECURITY
34545,"`In vault, when vim is not installed, the error message is unclear",SECURITY,SECURITY
35172,`letsencrypt module with http-01 challenges issues two certificates (of which one is provided to the user),SECURITY,SECURITY
35942,`Become password containing invalid Jinja2 syntax causes template error,SECURITY,SECURITY
36398,"`In 2.5, the script module fails with privilege escalation, due to permission issues",SECURITY,SECURITY
38120,`Api Token authentication issue with URI module,SECURITY,SECURITY
38161,"`firewalld module fails with ""global name 'fw_offline' is not defined"" error",SECURITY,SECURITY
38292,`Basic authentication using Uri module returns a 401 error even with force_basic_auth turned on,SECURITY,SECURITY
39162,"`Vault error ""input is not vault encrypted data"" when using hostvars[]",SECURITY,SECURITY
40976,`azure_rm_keyvaultsecret - incorrect authentication?,SECURITY,SECURITY
41334,`error /apps/opt/app/learninglocker/node_modules/bcrypt: Command failed.,SECURITY,SECURITY
41480,`Permission denied issue,SECURITY,SECURITY
41521,`get_url Request failed: <urlopen error [SSL: TLSV1_ALERT_PROTOCOL_VERSION] tlsv1 alert protocol version (_ssl.c:590)>,SECURITY,SECURITY
41738,`firewalld module does not permanently set an interface zone on CentOS / RedHat due to upstream bugs,SECURITY,SECURITY
41873,"`letsencrypt.py reporting incorrect ""cert_days""",SECURITY,SECURITY
42255,`hashi_vault lookup uses proxy by default,SECURITY,SECURITY
42986,`aws_ssm_parameter_store Key error 'Description',SECURITY,SECURITY
43012,`Win_DSC PSCredential conversion error for Ansible > 2.4.6,SECURITY,SECURITY
44326,"`VMware: vmware_portgroup incorrectly handles ""false"" values in security policy",SECURITY,SECURITY
44672,"`ios_command: ""unable to set terminal parameters"" error when vty is configured with ""privilege level 0""",SECURITY,SECURITY
46310,"`Vault: Vault-ids default,default are available -- duplicate",SECURITY,SECURITY
47039,`influxdb_user: default / unspecified password results in unhandled exception,SECURITY,SECURITY
48810,`cloudwatchlogs_log_group gives erroneous permissions issue when specifying retention,SECURITY,SECURITY
48819,`Authorized_key fails with invalid key specified error,SECURITY,SECURITY
50096,`mysql_db present/dump creates incorrect mysql command line when using ssl_ca attribute,SECURITY,SECURITY
51967,`win_iis_webbindig cannot update ssl cert on default binding,SECURITY,SECURITY
52239,`Cobbler module cobbler_system validate_certs error,SECURITY,SECURITY
52627,`java_cert bug,SECURITY,SECURITY
55248,`VMware: vmware_object_role_permission incorrectly assigns permissions on DVS object instead of folder,SECURITY,SECURITY
56164,`[rabbitmq_user] update_password always results in fatal error if password changed,SECURITY,SECURITY
56321,`Error in vault password file loading (default): A vault password must be specified to decrypt data,SECURITY,SECURITY
57193,`Access is Denied error installing .Net 3.5 through win_optional_feature,SECURITY,SECURITY
57271,`Vault cipher whitelist error,SECURITY,SECURITY
58311,`Ansible snow modules authentication issues with sso / ADFS,SECURITY,SECURITY
58700,"`Encounter PermissionDenied error when running Ansible ""win_dns_record"" module",SECURITY,SECURITY
59102,`IAM Password Policy errors when no password expiration set,SECURITY,SECURITY
59176,`implementation error: unknown type password-3 requested for,SECURITY,SECURITY
59381,"`""No existing session"" error when connecting to Cisco IOS with Pubkey Authentication",SECURITY,SECURITY
59787,`iam_password_policy ignores group/aws module defaults,SECURITY,SECURITY
61726,"`""unable to elevate privilege to enable mode, at prompt [None] with error: timeout value 10 seconds reached while trying to send command: enable""",SECURITY,SECURITY
63040,`na_ontap_gather_facts : Deadlock between two issues (#50932 and #63001).,SECURITY,SECURITY
63123,"`Segfault in shell module gives negative exit code ""-11""",SECURITY,SECURITY
63316,`Permission error using buildah connection,SECURITY,SECURITY
63841,`Access errors not reported by win_robocopy,SECURITY,SECURITY
64811,`sudo: 1 incorrect password attempt - error on tasks with become: false,SECURITY,SECURITY
64952,`ansible-playbook incorrectly reports ovirtsdk4 is missing when pycurl is compiled without ssl support,SECURITY,SECURITY
65859,`Inline vault as value of variable with numeric type not converted correctly to int and causing an error,SECURITY,SECURITY
66173,"`Ansible Tower : Invalid/incorrect username/password. Authentication timeout.""",SECURITY,SECURITY
66350,`os_security_group_rule error when adding rule that exists (with proto = any),SECURITY,SECURITY
67075,`ansible 2.9 - ipa_user module with ssh keys will error out with no modifications to be performed,SECURITY,SECURITY
67158,`aws_ssm_parameter_store Key error 'Description',SECURITY,SECURITY
67417,`get_url pass incorrect If-Modified-Since header,SECURITY,SECURITY
68079,"`""operation requires privilege escalation"" error needs to be more descriptive. ",SECURITY,SECURITY
68809,`SSL issue running fortios_firewall_adress,SECURITY,SECURITY
68903,`ansible 2.7.x security issues for help,SECURITY,SECURITY
69180,`ACI Request failed: <urlopen error [SSL: DH_KEY_TOO_SMALL] dh key too small (_ssl.c:897)>,SECURITY,SECURITY
69782,`CVE-2020-10744: incomplete fix for CVE-2020-1733,SECURITY,SECURITY
72191,"`Allready added host to known_hosts but still receiving ""Using a SSH password instead of a key is not possible because Host Key checking is enabled and sshpass does not support this.  Please add this host's fingerprint to your known_hosts file to manage this host."" error",SECURITY,SECURITY
72536,`Vault Password Client not configurable by default in ansible.cfg,SECURITY,SECURITY
73227,"`Ansible prefix ""|-"" on an encrypted variable on uri module",SECURITY,SECURITY
74617,`Timout error  - because sudo su - u oracle. how to remove -u in the sudo ,SECURITY,SECURITY
74748,`Ansible ssh issue with multiple interactive prompts during interactive authentication,SECURITY,SECURITY
74830,`Becoming unprivileged user error: invalid mode +a,SECURITY,SECURITY
75252,"`unable to elevate privilege to enable mode, at prompt [\nolt1# ] with error",SECURITY,SECURITY
75736,`sudo password error,SECURITY,SECURITY
76157,`Invoking ansible as unprivileged user but ssh with sudo: tmp file permission error,SECURITY,SECURITY
77867,`include_role leaks vars and defaults when limited to a part of hosts by condition or loop items,SECURITY,SECURITY
33047,`Network module using persistent connection fails when debug logs are enabled,STATE INQUIRY,STATE INQUIRY
27136,"`""unable to open shell"" error when host not in .ssh/known_hosts in network modules",STATE INQUIRY,STATE INQUIRY
51363,"`Network_cli error ""unable to set terminal parameters"" for EXOS devices",STATE INQUIRY,STATE INQUIRY
57322,`network_cli connection plugin performance issues,STATE INQUIRY,STATE INQUIRY
44432,`create router with `os_router` will get `PolicyNotAuthorized` error from openstack,STATE INQUIRY,STATE INQUIRY
42614,`vmware_guest - VM instantiation with IPv6 errors out,STATE INQUIRY,STATE INQUIRY
37305,`net_vlan throws error when passing list of dictionaries to aggregate,STATE INQUIRY,STATE INQUIRY
29118,`ios_interface issue if port/host is not mentioned in play,STATE INQUIRY,STATE INQUIRY
3714,`lvol module state=absent fails (with error) if the volume group doesn't exist,STATE INQUIRY,STATE INQUIRY
4085,`route53 error when creating new dns entries,STATE INQUIRY,STATE INQUIRY
5147,`sshd in debug mode causes parsing error,STATE INQUIRY,STATE INQUIRY
5702,`Synchronize module incorrectly uses ssh for local connection,STATE INQUIRY,STATE INQUIRY
5947,`file module should error if src given without state=link,STATE INQUIRY,STATE INQUIRY
5953,"`service module: incorrect ""unchanged"" status when --check is used with ""state=started enabled=yes"".",STATE INQUIRY,STATE INQUIRY
6112,`Route53 error when creating a TXT record,STATE INQUIRY,STATE INQUIRY
6396,`ansible_ssh_user incorrect when using local_action,STATE INQUIRY,STATE INQUIRY
7368,`PR to resolve the issue with ec2_vpc module not allowing to use instance id in route_tables,STATE INQUIRY,STATE INQUIRY
9305,"`If ssh or rsync are not installed on the system, misleading ""file not found"" errors occur.",STATE INQUIRY,STATE INQUIRY
9417,`EL 6.6 connection ControlPersist issues,STATE INQUIRY,STATE INQUIRY
9577,`Ansible Connect windows : SSLError: [Errno 1] _ssl.c:1429: error:14094438:SSL routines:SSL3_READ_BYTES:tlsv1 alert internal error,STATE INQUIRY,STATE INQUIRY
10045,"`Ansible fails to connect under Cygwin, private_key error",STATE INQUIRY,STATE INQUIRY
10619,`v2: ssh connection error: always connects as root,STATE INQUIRY,STATE INQUIRY
10826,`SSH ControlPath should not be overridden by default,STATE INQUIRY,STATE INQUIRY
11041,`SSH connection errors are unclear,STATE INQUIRY,STATE INQUIRY
11150,"`SSH error: ""The output was:\n""",STATE INQUIRY,STATE INQUIRY
11796,"`FAILED! => {""failed"": true, ""msg"": ""ERROR! Connection error waiting for privilege escalation password prompt: ""}",STATE INQUIRY,STATE INQUIRY
12621,`ssh and paramiko do not return errors anymore,STATE INQUIRY,STATE INQUIRY
12919,`ansible Sharing connection will report error,STATE INQUIRY,STATE INQUIRY
12922,`SSH-key missmatch gives incomprehensible error message,STATE INQUIRY,STATE INQUIRY
14048,`ansible 2.0 file state=link bug,STATE INQUIRY,STATE INQUIRY
14233,`winrm/connector issue with 2.0.1-rc1,STATE INQUIRY,STATE INQUIRY
14236,`[2.0] filter 'default' does not work for 'ansible_port' variable anymore,STATE INQUIRY,STATE INQUIRY
14509,`openstack.py issue (UNREACHABLE),STATE INQUIRY,STATE INQUIRY
14538,`ssh connection issue.,STATE INQUIRY,STATE INQUIRY
15321,"`SSH works, but ansible throws unreachable error",STATE INQUIRY,STATE INQUIRY
15487,"`ansible_default_ipv6.address fact sometimes ""wrong""",STATE INQUIRY,STATE INQUIRY
15525,`SSH Connection Debug Broken in v2.0.2.0,STATE INQUIRY,STATE INQUIRY
16475,`any_errors_fatal: True ignored when some hosts are unreachable,STATE INQUIRY,STATE INQUIRY
16737,`ansible_connection=lxd fails when connecting to a gentoo container due to default python 3.4 (even though 2.7 is installed as well),STATE INQUIRY,STATE INQUIRY
18287,"`Anisble does not allow handling of ""host unreachable"" errors",STATE INQUIRY,STATE INQUIRY
18588,` error while creaing Big IP pool ussing anisble yaml script,STATE INQUIRY,STATE INQUIRY
19508,`container deployed by docker_container module with networks parameter belongs to both specified my custom network and unspecifiede default bridge.,STATE INQUIRY,STATE INQUIRY
22319,`eos connection issues,STATE INQUIRY,STATE INQUIRY
22442,`eos eapi connection issue,STATE INQUIRY,STATE INQUIRY
22880,`Ansible network module junos_config update: overwrite issue,STATE INQUIRY,STATE INQUIRY
23320,`Windows: WinRM is very sensitive to network issues (ReadTimeout),STATE INQUIRY,STATE INQUIRY
23357,"`route53_zone fails if the private zone configured in the play already exists (copied from old extras repository, still a bug)",STATE INQUIRY,STATE INQUIRY
23456,`wait_for never resolves due to silent fail if IPv6 is disabled in the OS,STATE INQUIRY,STATE INQUIRY
23770,`Connection from net_cli should wait for prompt even on error,STATE INQUIRY,STATE INQUIRY
23863,`WinRM connection error 101,STATE INQUIRY,STATE INQUIRY
24462,"`Regression: become prompt not recognized, leading to timeout errors",STATE INQUIRY,STATE INQUIRY
24573,"`iam_cert gives ""Boto is required for this module"" error but Boto is installed and working",STATE INQUIRY,STATE INQUIRY
24672,`Connecting to v-center returns error that's not clear,STATE INQUIRY,STATE INQUIRY
25511,`nxos_pim_rp_address errors out for both transports (cli and nxapi),STATE INQUIRY,STATE INQUIRY
25515,`nxos_vxlan_vtep errors out for both transports (nxapi anc cli),STATE INQUIRY,STATE INQUIRY
25541,`nxos_vxlan_vtep_vni errors out for transport nxapi,STATE INQUIRY,STATE INQUIRY
25868,`ERROR! SSH encountered an unknown error during the connection,STATE INQUIRY,STATE INQUIRY
26154,`network_group_modules from ansible.cfg gets loaded incorrectly,STATE INQUIRY,STATE INQUIRY
27170,`(P1) Attempting to set ipv6 interface errors out for nxos_ip_interface module,STATE INQUIRY,STATE INQUIRY
27220,`netapp-lib required error,STATE INQUIRY,STATE INQUIRY
27383,`501 error with nxos_ntp,STATE INQUIRY,STATE INQUIRY
27563,`ios_facts: unable to connect to socket/bad attribute error/NoneType error,STATE INQUIRY,STATE INQUIRY
27600,`(P2) nxos_vrf_interface is not idempotent while removing and throws errors,STATE INQUIRY,STATE INQUIRY
27604,`(P1) nxos_install_os errors for both cli and nxapi transports,STATE INQUIRY,STATE INQUIRY
27609,`(P1) nxos_vxlan_vtep_vni errors out when configuring suppress_arp and assoc_vrf,STATE INQUIRY,STATE INQUIRY
27674,`(P2) nxos_reboot errors out for cli and nxapi,STATE INQUIRY,STATE INQUIRY
27681,`if ansible dns resolved wrong then client add iptables will add wrong host,STATE INQUIRY,STATE INQUIRY
27708,`(P1) nxos_ntp errors out for transport cli,STATE INQUIRY,STATE INQUIRY
27711,`(P1) nxos_snmp_community errors out for both cli and nxapi transports,STATE INQUIRY,STATE INQUIRY
27714,`(P1) nxos_snmp_contact errors out for transport nxapi,STATE INQUIRY,STATE INQUIRY
27924,`nxos_vxlan_vtep_vni errors out when configuring suppress_arp,STATE INQUIRY,STATE INQUIRY
28314,"`fatal: [web1] => SSH encountered an unknown error during the connection. We recommend you re-run the command using -vvvv, which will enable SSH debugging output to help diagnose the issue",STATE INQUIRY,STATE INQUIRY
28471,`vmware_guest without MAC address gather facts error,STATE INQUIRY,STATE INQUIRY
28516,`(P1) nxos_igmp_interface: module errors out for cli,STATE INQUIRY,STATE INQUIRY
28600,"`iam_policy.py with nsocket.error: [Errno 111] Connection refused, ansible 2.4.0 (devel 788a0d1b9e)",STATE INQUIRY,STATE INQUIRY
28930,`gce_instance_template fails on non-default network,STATE INQUIRY,STATE INQUIRY
29056,`SSH works but ansible throws error,STATE INQUIRY,STATE INQUIRY
29529,`dellos9_command ansible hangs after reload command issued to remote device.,STATE INQUIRY,STATE INQUIRY
29841,`setting iam_role state to active or inactive fails with python UnboundLocal error,STATE INQUIRY,STATE INQUIRY
29938,`wait_for does not swallow connection errors,STATE INQUIRY,STATE INQUIRY
30567,`Network errors are dropped if the prompt is not in the current buffered response,STATE INQUIRY,STATE INQUIRY
30603,`ansible_default_ipv4 fact is empty in Linux Subsystem for Windows,STATE INQUIRY,STATE INQUIRY
30911,`WinRM Connectionplugin falls back to defaults when an ignored templating error  exists in hostvars,STATE INQUIRY,STATE INQUIRY
31055,`Ansible 2.4 ec2_vpc_net doesn't read profile within play loads default boto creds,STATE INQUIRY,STATE INQUIRY
31274,"`AWS | ERROR! Unexpected Exception, this is probably a bug: u'localhost'",STATE INQUIRY,STATE INQUIRY
31718,`IPTables module incorrectly quotes -I parameter,STATE INQUIRY,STATE INQUIRY
32405,`net_vlan seems to still require provider transport (needs to default to cli),STATE INQUIRY,STATE INQUIRY
33018,`Ansible bitbucket clone provisioning ssh error,STATE INQUIRY,STATE INQUIRY
33339,`ansible_winrm_read_timeout_sec error:- ssl: a float is required,STATE INQUIRY,STATE INQUIRY
33867,`ovirt_host_networks.py: netmask incorrectly converted to prefix causing ValueError,STATE INQUIRY,STATE INQUIRY
34651,`Win_dns_client doesn't properly detect/change order of DNS resolvers.,STATE INQUIRY,STATE INQUIRY
35032,`An error occurred (RequestLimitExceeded) when calling the DescribeSubnets operation ,STATE INQUIRY,STATE INQUIRY
35034,`An error occurred (RequestLimitExceeded) when calling the DescribeVpcEndpoints operation ,STATE INQUIRY,STATE INQUIRY
35369,`nios_zone error: Unknown argument/field: 'restart_if_needed,STATE INQUIRY,STATE INQUIRY
35488,"`Ansible can't SSH into NX-OSv, unreachable error",STATE INQUIRY,STATE INQUIRY
35491,`getting error while creating vmkernel interface using vmware_vmkernel module,STATE INQUIRY,STATE INQUIRY
35554,`Index error thrown when more than 6 interfaces are assigned to a vlan,STATE INQUIRY,STATE INQUIRY
35899,`Ansible connection with Window hosts machine error,STATE INQUIRY,STATE INQUIRY
36424,`synchronize module with local_action tries to ssh incorrectly ,STATE INQUIRY,STATE INQUIRY
36444,`cloud:azure: error while using azure_rm_networkinterface for creating a vnic without public IP,STATE INQUIRY,STATE INQUIRY
36490,`iptables module tcp_flags bug,STATE INQUIRY,STATE INQUIRY
37032,`infoblox nios argument ipv4addrs error,STATE INQUIRY,STATE INQUIRY
38198,`azure_rm_securitygroup cannot create rules that allow comma-separated IP address prefixes,STATE INQUIRY,STATE INQUIRY
38572,`subprocess run ansible shell error,STATE INQUIRY,STATE INQUIRY
38639,"`Bug Report - nxos_facts, ansible_connection=network_cli - show stopper issue",STATE INQUIRY,STATE INQUIRY
39799,`azure_rm_networkinterface create default NSG and associated it to NIC,STATE INQUIRY,STATE INQUIRY
40153,`aws_ec2_net unable to remove default VPC,STATE INQUIRY,STATE INQUIRY
40829,`ios_facts: Tunnel interface MAC address shows IP address/Prefix,STATE INQUIRY,STATE INQUIRY
40929,`ansible (with default config) leaves $HOME/~None/ directories on target hosts (ESTABLISH SSH CONNECTION FOR USER: None),STATE INQUIRY,STATE INQUIRY
42793,"`Not able to ping to windows host using 'win_ping', getting error - "" TypeError: sequence item 6: expected str instance, bytes found"" and ""msg"": ""Unexpected failure during module execution.""",STATE INQUIRY,STATE INQUIRY
43550,`Ansible connection issue with SSH and private keys.,STATE INQUIRY,STATE INQUIRY
43704,`ssh fail in template module with default tmp path,STATE INQUIRY,STATE INQUIRY
43865,`Ansible hangs if remote host has a NFS issue.,STATE INQUIRY,STATE INQUIRY
43940,`Some machines are UNREACHABLE due to an Authentication error,STATE INQUIRY,STATE INQUIRY
44420,`iptables module builds the command incorrectly,STATE INQUIRY,STATE INQUIRY
44501,`iOS_config timeout issue,STATE INQUIRY,STATE INQUIRY
44613,"`Python3: route53 module fails to connect with error ""TypeError: a bytes-like object is required, not 'str'""",STATE INQUIRY,STATE INQUIRY
45898,`Ansible command fails when we try to access it on bastion from remote server. ssh error..Unreachable nodes.,STATE INQUIRY,STATE INQUIRY
45912,`WinRM: Intermittent connection issues,STATE INQUIRY,STATE INQUIRY
46554,`ssh errors are not descriptive ,STATE INQUIRY,STATE INQUIRY
46980,`ssh error when python not installed,STATE INQUIRY,STATE INQUIRY
47589,`Connection.py throws missing attribute error for 'reset_history' when reusing local domain sockets in 2.7.0,STATE INQUIRY,STATE INQUIRY
47911,`mesh ping error,STATE INQUIRY,STATE INQUIRY
47927,`mysql module failed with an error zlib.error: Error -2 while preparing to decompress data: inconsistent stream state,STATE INQUIRY,STATE INQUIRY
49055,`win_domain is throwing error on InstallDNS was not recognized,STATE INQUIRY,STATE INQUIRY
49088,`Ansible constructs incorrect ssh,STATE INQUIRY,STATE INQUIRY
49769,"`ACI: aci_bd_subnet, error for state:query",STATE INQUIRY,STATE INQUIRY
50494,`erroneous errors and warnings using net_ modules for network devices,STATE INQUIRY,STATE INQUIRY
50588,`win_reboot: Another ReadTimeout issue (defaulting to 5 seconds),STATE INQUIRY,STATE INQUIRY
50633,`ios_* paramiko connection issues,STATE INQUIRY,STATE INQUIRY
51512,`Win_DSC PSCredential conversion error for DSC module xFailoverCluster xCluster resource ,STATE INQUIRY,STATE INQUIRY
52470,`win_route ignores prefix when adding route,STATE INQUIRY,STATE INQUIRY
53181,`ovirt_network fails to edit/create networks attached to Default cluster,STATE INQUIRY,STATE INQUIRY
53322,`Connection error on ios_command?,STATE INQUIRY,STATE INQUIRY
53599,`Doc./usability issues with ec2_instance module regarding network-interface spec,STATE INQUIRY,STATE INQUIRY
53939,"`Ansible 2.7.5 Aireos module cannot connect cisco WLC, it prompt error ""fatal: [F1-WLC-01]: FAILED! => { ""msg"": ""unable to set terminal parameters"" }""",STATE INQUIRY,STATE INQUIRY
53995,`cloud:azure: error while using azure_rm_virtualmachine_facts for fetching VMs using tags ,STATE INQUIRY,STATE INQUIRY
54784,"`win_reboot: ('Connection aborted.', error(""(104, 'ECONNRESET')"",))",STATE INQUIRY,STATE INQUIRY
55558,`winrm connection failing with +[NSValue initialize] error,STATE INQUIRY,STATE INQUIRY
56157,`nxos_facts issue no data in ansible_net_interfaces,STATE INQUIRY,STATE INQUIRY
56602,"`meaningless  ""Illegal info request from server"" error from Cisco 6509 switches",STATE INQUIRY,STATE INQUIRY
57022,`ansible_connection evaluated incorrectly when inside a loop,STATE INQUIRY,STATE INQUIRY
57165,`script finished while get share connection close error,STATE INQUIRY,STATE INQUIRY
57560,`service unreachable error in async mode,STATE INQUIRY,STATE INQUIRY
59066,`InvalidHostKey error after configuging ansible_connection & ansible_network_os,STATE INQUIRY,STATE INQUIRY
60068,`win_dns_record incorrectly creates PTR records,STATE INQUIRY,STATE INQUIRY
60276,`ansible.module_utils.network.aci.aci module is generating issues in custom module ,STATE INQUIRY,STATE INQUIRY
62909,`ovirt_host_network throws typerror '<' not supported between instances of 'dict' and 'dict',STATE INQUIRY,STATE INQUIRY
64384,`ansible_default_ipv4.broadcast contains global instead of the broadcast address,STATE INQUIRY,STATE INQUIRY
64515,`ios_vlans throws an error,STATE INQUIRY,STATE INQUIRY
65190,"`ovirt_nic errors with exception ""Network 'infra-prod' was not found in datacenter 'BUA'.""",STATE INQUIRY,STATE INQUIRY
65812,`Paramiko_ssh plugin connection has no ssh attribute error,STATE INQUIRY,STATE INQUIRY
66204,`netbox_prefix doesnt add new prefix to netbox and return changed=False everytime,STATE INQUIRY,STATE INQUIRY
66730,`ios_interfaces doesn't issue description with overridden state,STATE INQUIRY,STATE INQUIRY
67115,"`wait_for_connection failes after change of host OS, detected ansible interpreter issue",STATE INQUIRY,STATE INQUIRY
67124,"`Ansible 2.9.3, Python 3.6.8 and winrm connection issues",STATE INQUIRY,STATE INQUIRY
67896,`ios_vlans throws an error due to unexpected show vlan output,STATE INQUIRY,STATE INQUIRY
68133,"`gcp_compute_instance module failing with error ""Invalid value for field 'resource.networkInterfaces[0].network""",STATE INQUIRY,STATE INQUIRY
68294,`EC2 Inventory connection reset and parsing error,STATE INQUIRY,STATE INQUIRY
68711,"`Route53 boto error ""Profile not found"" when using IAM Role with AWS config",STATE INQUIRY,STATE INQUIRY
68841,"`wait_for_connection connect_timeout is not used, when using 'ping' (default) method",STATE INQUIRY,STATE INQUIRY
69264,`routeros_command errors on first connection,STATE INQUIRY,STATE INQUIRY
69652,`Unable to Assign fixed IP address to Openstack Instance using os_server,STATE INQUIRY,STATE INQUIRY
69828,"`ansible_winrm_transport credssp connection error on localized Windows Server 2012R2 (for example - Finnish, Russian)",STATE INQUIRY,STATE INQUIRY
71148,`nios_host_record error when trying to change ip of host record,STATE INQUIRY,STATE INQUIRY
71444,`iptables comment parameter incorrectly positioned in iptables,STATE INQUIRY,STATE INQUIRY
72265,`ssh Connection error,STATE INQUIRY,STATE INQUIRY
72311,"`Ansible ping unable to SSH to target host met error: ""module_stderr"": ""OpenSSH_7.4p1, OpenSSL 1.0.2k-fips 26 Jan 2017\r\ndebug1: Reading configuration data",STATE INQUIRY,STATE INQUIRY
73064,"`UNREACHABLE! errors, SSH mismatch / Inventory is not being phrased.",STATE INQUIRY,STATE INQUIRY
73215,`ansible_facts.service retuns incorrect state,STATE INQUIRY,STATE INQUIRY
73795,`unreachable not considered with any_errors_fatal=true and serial=1,STATE INQUIRY,STATE INQUIRY
74417,`reboot fails after a long time with Ubuntu when verbosity set to connection debug,STATE INQUIRY,STATE INQUIRY
74869,`ansible is using unreliable method to determine default gateway/interface,STATE INQUIRY,STATE INQUIRY
75167,`Ansible-Core 2.11.2 is accepting ssh host keys by default if host_key_checking is not set,STATE INQUIRY,STATE INQUIRY
75203,"`Fatal error with RouterOS Module, unable to run any playbook",STATE INQUIRY,STATE INQUIRY
76468,`winrm connection error in windows server 2019,STATE INQUIRY,STATE INQUIRY
76628,`ipaddr filters giving incorrect output when subnets passed in loop in internal _address_normalizer,STATE INQUIRY,STATE INQUIRY
76663,`reboot module hangs when the verbosity is set to connection debug (-vvvv),STATE INQUIRY,STATE INQUIRY
77338,"`file: should not address an error with ""src"" when state is ""absent""",STATE INQUIRY,STATE INQUIRY
79117,`ansible_default_ipv4 storing incorrect values,STATE INQUIRY,STATE INQUIRY
79691,`ansible.netcommon.httpapi remote_user not set to logged in user by default,STATE INQUIRY,STATE INQUIRY
80124,`Paramiko connection module does not resolve templates as the OpenSSH connection module does,STATE INQUIRY,STATE INQUIRY
